brand,title,rating,rating_count,price,recent_sales,unit_price
--,"Disposable Toothbrushes with Toothpaste,300 Pack Yellow Hollow Individually Wrapped Disposable Travel Toothbrushes Kit in Bulk for Homeless,Nursing Home,Hotel,Charity",4.3,132,$50.99,200,$0.17
--,"EUTHYMOL Original Toothpaste (3.7fl oz, Pack of 5) - Fluoride-Free Toothpaste for Sensitive Teeth & Gum. Bad Breath, Cavity Prevention, 12-Hour Long Lasting Freshness with Wintergreen.",4.3,471,$45.00,1000,$2.43
--,"EUTHYMOL Original Toothpaste (3.7fl oz, Pack of 5) - Fluoride-Free Toothpaste for Sensitive Teeth & Gum. Bad Breath, Cavity Prevention, 12-Hour Long Lasting Freshness with Wintergreen.",4.3,471,$45.00,1000,$2.43
--,Handheld Stainless Steel Toothpaste Squeezer 5 Piece Tube Roller Set Ergonomic Labor Saving Cream Extractor Homeware,na,na,$9.89,0,$9.89
--,"Jordan Green Clean Manual Toothbrush - Sustainable, Eco-Friendly Scandinavian Design, Soft Bristles, Mixed Colors, 4 Units",4.6,1540,$9.90,2000,$2.48
--,"Jordan Green Clean Manual Toothbrush - Sustainable, Eco-Friendly Scandinavian Design, Soft Bristles, Mixed Colors, 4 Units",4.6,1540,$9.90,2000,$2.48
--,"Parodontax Active Gum Repair Breath Freshener Toothpaste, 3x3.4 oz",4.7,923,$20.97,10000,$2.06
--,"Sonic Electric Toothbrush for Adults, Rechargeable Toothbrush with 6 Mode & 3 Intensity, 40000VPM Toothbrush with 6 Brush Heads, Travel Case, 60 Days Battery Life, Wireless Charging, 2-Min Smart Timer",4.5,986,$53.99,100,$53.99
--,"Toothpaste Tablets (Mint, 180 Count) with Fluoride, Teeth Whitening Eco Friendly Travel Toothpaste Bites, Sensitive Teeth - Dentist Recommended for Adult, Kids Oral Care",3.6,51,$28.99,0,$0.16
--,"XyloBurst Fresh Breath Oral Rinse Mouth Wash with Natural Xylitol - Alcohol-Free, Fluoride Free, SLS Free Cool Mint (3 Pack 16 Ounce)",4.6,198,$28.99,600,$0.60
Arm & Hammer,"Arm & Hammer Advance White Toothpaste, Clean Mint Flavor, Stain Defense Technology, 6 Ounce (Pack of 4)",4.7,5922,$13.96,20000,$0.58
Arm & Hammer,"Arm & Hammer Advance White Toothpaste, Clean Mint Flavor, Stain Defense Technology, 6 Ounce (Pack of 4)",4.7,5922,$13.96,20000,$0.58
Arm & Hammer,"Arm & Hammer Advance White Toothpaste, Clean Mint Flavor, Stain Defense Technology, 6 Ounce (Pack of 4)",4.7,5922,$13.96,20000,$0.58
Arm & Hammer,"Arm & Hammer Advance White Toothpaste, Clean Mint Flavor, Stain Defense Technology, 6 Ounce (Pack of 4)",4.7,5922,$13.96,20000,$0.58
Arm & Hammer,"Arm & Hammer Advance White Toothpaste, Clean Mint Flavor, Stain Defense Technology, 6 Ounce (Pack of 4)",4.7,5922,$13.96,20000,$0.58
Arm & Hammer,"Arm & Hammer Peroxicare Toothpaste, Clean Mint Flavor, Improves Gum Health, 6.0oz (4-Pack)",4.7,18341,$13.40,10000,$0.56
Arm & Hammer,"Arm & Hammer Peroxicare Toothpaste, Clean Mint Flavor, Improves Gum Health, 6.0oz (4-Pack)",4.7,18341,$13.40,10000,$0.56
Arm & Hammer,"Arm & Hammer Peroxicare Toothpaste, Clean Mint Flavor, Improves Gum Health, 6.0oz (4-Pack)",4.7,18341,$13.40,10000,$0.56
Arm & Hammer,"Arm & Hammer Peroxicare Toothpaste, Clean Mint Flavor, Improves Gum Health, 6.0oz (4-Pack)",4.7,18341,$13.40,10000,$0.56
Arm & Hammer,"Arm & Hammer Peroxicare Toothpaste, Clean Mint Flavor, Improves Gum Health, 6.0oz (4-Pack)",4.7,18341,$13.40,10000,$0.56
Boka,"Boka Fluoride Free Toothpaste - Nano Hydroxyapatite, Remineralizing, Sensitive Teeth, Whitening - Dentist Recommended for Adult & Kids Oral Care - Ela Mint Flavor, 4 Fl Oz 1 Pk - US Manufactured",4.5,35485,$11.99,80000,$3.00
Boka,"Boka Fluoride Free Toothpaste - Nano Hydroxyapatite, Remineralizing, Sensitive Teeth, Whitening - Dentist Recommended for Adult & Kids Oral Care - Ela Mint Flavor, 4 Fl Oz 1 Pk - US Manufactured",4.5,35485,$11.99,80000,$3.00
COSLUS,"COSLUS Electric Toothbrush for Adults and Kids: Wireless Rechargeable Tooth Brush for Kid Ages 12+ and Adult with Portable Travel Case, 5 Modes 47000 VPM Power Toothbrushes 6 Brush Heads Black",4.7,356,$19.99,10000,$19.99
COSLUS,"COSLUS Electric Toothbrush for Adults and Kids: Wireless Rechargeable Tooth Brush for Kid Ages 12+ and Adult with Portable Travel Case, 5 Modes 47000 VPM Power Toothbrushes 6 Brush Heads Green",4.7,356,$19.99,3000,$19.99
COSLUS,"COSLUS Electric Toothbrush for Adults and Kids: Wireless Rechargeable Tooth Brush for Kid Ages 12+ and Adult with Portable Travel Case, 5 Modes 47000 VPM Power Toothbrushes 6 Brush Heads Green",4.7,356,$19.99,3000,$19.99
COSLUS,"COSLUS Electric Toothbrush for Adults and Kids: Wireless Rechargeable Tooth Brush for Kid Ages 12+ and Adult with Portable Travel Case, 5 Modes 47000 VPM Power Toothbrushes 6 Brush Heads Green",4.7,356,$19.99,3000,$19.99
COSLUS,"COSLUS Electric Toothbrush for Adults and Kids: Wireless Rechargeable Tooth Brush for Kid Ages 12+ and Adult with Portable Travel Case, 5 Modes 47000 VPM Power Toothbrushes 6 Brush Heads Green",4.7,356,$19.99,3000,$19.99
Cocofloss,"Cocofloss Cocoshine Whitening Toothpaste, Remineralize & Repair Sensitive Teeth, Fluoride-Free with n-HA, Kid-Friendly, Delicious Mint, 3.4 oz",4.3,170,$22.00,2000,$6.47
Cocofloss,"Cocofloss Cocoshine Whitening Toothpaste, Remineralize & Repair Sensitive Teeth, Fluoride-Free with n-HA, Kid-Friendly, Delicious Mint, 3.4 oz",4.3,170,$22.00,2000,$6.47
Coconut,"Coconut Pulling Oil - Ayurvedic Mint Oil Pulling Mouthwash with Tongue Scraper | Natural Essential Oils for Fresh Breath, Teeth Whitening & Healthy Gums | Alcohol-Free 8 Fl. Oz",4.4,311,$9.99,1000,$1.25
Colgate,"Colgate 360 Vibrate Deep Clean Battery Operated Toothbrush Pack, Disposable Electric Toothbrush with 1 AAA Battery Included, Whole Mouth Clean, 2 Pack",4.6,13465,$9.32,10000,$4.66
Colgate,"Colgate 360 Vibrate Deep Clean Battery Operated Toothbrush Pack, Disposable Electric Toothbrush with 1 AAA Battery Included, Whole Mouth Clean, 2 Pack",4.6,13465,$9.32,10000,$4.66
Colgate,"Colgate 360 Vibrate Deep Clean Battery Operated Toothbrush Pack, Disposable Electric Toothbrush with 1 AAA Battery Included, Whole Mouth Clean, 2 Pack",4.6,13465,$9.32,10000,$4.66
Colgate,"Colgate 360 Vibrate Deep Clean Battery Operated Toothbrush Pack, Disposable Electric Toothbrush with 1 AAA Battery Included, Whole Mouth Clean, 2 Pack",4.6,13465,$9.32,10000,$4.66
Colgate,"Colgate 360 Vibrate Deep Clean Battery Operated Toothbrush Pack, Disposable Electric Toothbrush with 1 AAA Battery Included, Whole Mouth Clean, 2 Pack",4.6,13465,$9.32,10000,$4.66
Colgate,"Colgate Baking Soda & Peroxide Toothpaste - Whitens Teeth, Fights Cavities & Removes Stains, Brisk Mint, 6 Ounce (Pack of 2)",4.7,76192,$3.78,50000,$0.32
Colgate,"Colgate Baking Soda & Peroxide Toothpaste - Whitens Teeth, Fights Cavities & Removes Stains, Brisk Mint, 6 Ounce (Pack of 2)",4.7,76192,$3.78,50000,$0.32
Colgate,"Colgate Baking Soda & Peroxide Toothpaste - Whitens Teeth, Fights Cavities & Removes Stains, Brisk Mint, 6 Ounce (Pack of 2)",4.7,76192,$3.78,50000,$0.32
Colgate,"Colgate Baking Soda & Peroxide Toothpaste - Whitens Teeth, Fights Cavities & Removes Stains, Brisk Mint, 6 Ounce (Pack of 2)",4.7,76192,$3.78,50000,$0.32
Colgate,"Colgate Baking Soda & Peroxide Toothpaste - Whitens Teeth, Fights Cavities & Removes Stains, Brisk Mint, 6 Ounce (Pack of 2)",4.7,76192,$3.78,50000,$0.32
Colgate,"Colgate Cavity Protection Regular Fluoride Toothpaste, White, 6 oz",4.7,3851,$1.97,20000,$0.33
Colgate,"Colgate Cavity Protection Regular Fluoride Toothpaste, White, 6 oz",4.7,3851,$1.97,20000,$0.33
Colgate,"Colgate Cavity Protection Regular Fluoride Toothpaste, White, 6 oz",4.7,3851,$1.97,20000,$0.33
Colgate,"Colgate Cavity Protection Regular Fluoride Toothpaste, White, 6 oz",4.7,3851,$1.97,20000,$0.33
Colgate,"Colgate Cavity Protection Regular Fluoride Toothpaste, White, 6 oz",4.7,3851,$1.97,20000,$0.33
Colgate,"Colgate Cavity Protection Toothpaste with Fluoride, Great Regular Flavor, 6 Ounce (Pack of 6)",4.8,62570,$11.82,20000,$0.33
Colgate,"Colgate Cavity Protection Toothpaste with Fluoride, Great Regular Flavor, 6 Ounce (Pack of 6)",4.8,62570,$11.82,20000,$0.33
Colgate,"Colgate Cavity Protection Toothpaste with Fluoride, Great Regular Flavor, 6 Ounce (Pack of 6)",4.8,62570,$11.82,20000,$0.33
Colgate,"Colgate Cavity Protection Toothpaste with Fluoride, Great Regular Flavor, 6 Ounce (Pack of 6)",4.8,62570,$11.82,20000,$0.33
Colgate,"Colgate Cavity Protection Toothpaste with Fluoride, Great Regular Flavor, 6 Ounce (Pack of 6)",4.8,62570,$11.82,20000,$0.33
Colgate,"Colgate Max Fresh Whitening Toothpaste with Mini Strips, Clean Mint Toothpaste for Bad Breath, Helps Fight Cavities, Whitens Teeth, and Freshens Breath, 6.3 Ounce (Pack of 4)",4.8,7645,$10.65,40000,$0.42
Colgate,"Colgate Max Fresh Whitening Toothpaste with Mini Strips, Clean Mint Toothpaste for Bad Breath, Helps Fight Cavities, Whitens Teeth, and Freshens Breath, 6.3 Ounce (Pack of 4)",4.8,7645,$10.65,40000,$0.42
Colgate,"Colgate Max Fresh Whitening Toothpaste with Mini Strips, Clean Mint Toothpaste for Bad Breath, Helps Fight Cavities, Whitens Teeth, and Freshens Breath, 6.3 Ounce (Pack of 4)",4.8,7645,$10.65,40000,$0.42
Colgate,"Colgate Max Fresh Whitening Toothpaste with Mini Strips, Clean Mint Toothpaste for Bad Breath, Helps Fight Cavities, Whitens Teeth, and Freshens Breath, 6.3 Ounce (Pack of 4)",4.8,7645,$10.65,40000,$0.42
Colgate,"Colgate Max Fresh Whitening Toothpaste with Mini Strips, Clean Mint Toothpaste for Bad Breath, Helps Fight Cavities, Whitens Teeth, and Freshens Breath, 6.3 Ounce (Pack of 4)",4.8,7645,$10.65,40000,$0.42
Colgate,"Colgate Optic White Advanced Hydrogen Peroxide Toothpaste Pack, Teeth Whitening Toothpaste, Enamel-Safe Hydrogen Peroxide Formula, Helps Remove Tea, Coffee, and Wine Stains, Icy Fresh, 3 Pack, 3.2 oz",4.7,45561,$13.69,8000,$1.43
Colgate,"Colgate Optic White Advanced Hydrogen Peroxide Toothpaste Pack, Teeth Whitening Toothpaste, Enamel-Safe Hydrogen Peroxide Formula, Helps Remove Tea, Coffee, and Wine Stains, Icy Fresh, 3 Pack, 3.2 oz",4.7,45561,$13.69,8000,$1.43
Colgate,"Colgate Optic White Advanced Hydrogen Peroxide Toothpaste Pack, Teeth Whitening Toothpaste, Enamel-Safe Hydrogen Peroxide Formula, Helps Remove Tea, Coffee, and Wine Stains, Icy Fresh, 3 Pack, 3.2 oz",4.7,45561,$13.69,8000,$1.43
Colgate,"Colgate Optic White Advanced Hydrogen Peroxide Toothpaste Pack, Teeth Whitening Toothpaste, Enamel-Safe Hydrogen Peroxide Formula, Helps Remove Tea, Coffee, and Wine Stains, Icy Fresh, 3 Pack, 3.2 oz",4.7,45561,$13.69,8000,$1.43
Colgate,"Colgate Optic White Advanced Hydrogen Peroxide Toothpaste Pack, Teeth Whitening Toothpaste, Enamel-Safe Hydrogen Peroxide Formula, Helps Remove Tea, Coffee, and Wine Stains, Icy Fresh, 3 Pack, 3.2 oz",4.7,45561,$13.69,8000,$1.43
Colgate,"Colgate Optic White Advanced Hydrogen Peroxide Toothpaste Pack, Teeth Whitening Toothpaste, Enamel-Safe Hydrogen Peroxide Formula, Helps Remove Tea, Coffee, and Wine Stains, Icy Fresh, 3 Pack, 3.2 oz",4.7,45561,$13.69,8000,$1.43
Colgate,"Colgate Optic White Advanced Hydrogen Peroxide Toothpaste, Teeth Whitening Toothpaste Pack, Enamel-Safe Formula, Helps Remove Tea, Coffee, and Wine Stains, Sparkling White, 3 Pack, 3.2 oz",4.7,45561,$12.95,70000,$1.35
Colgate,"Colgate Optic White Advanced Hydrogen Peroxide Toothpaste, Teeth Whitening Toothpaste Pack, Enamel-Safe Formula, Helps Remove Tea, Coffee, and Wine Stains, Sparkling White, 3 Pack, 3.2 oz",4.7,45561,$12.95,70000,$1.35
Colgate,"Colgate Optic White Advanced Hydrogen Peroxide Toothpaste, Teeth Whitening Toothpaste Pack, Enamel-Safe Formula, Helps Remove Tea, Coffee, and Wine Stains, Sparkling White, 3 Pack, 3.2 oz",4.7,45561,$12.95,70000,$1.35
Colgate,"Colgate Optic White Advanced Hydrogen Peroxide Toothpaste, Teeth Whitening Toothpaste Pack, Enamel-Safe Formula, Helps Remove Tea, Coffee, and Wine Stains, Sparkling White, 3 Pack, 3.2 oz",4.7,45561,$12.95,70000,$1.35
Colgate,"Colgate Optic White Advanced Hydrogen Peroxide Toothpaste, Teeth Whitening Toothpaste Pack, Enamel-Safe Formula, Helps Remove Tea, Coffee, and Wine Stains, Sparkling White, 3 Pack, 3.2 oz",4.7,45561,$12.95,70000,$1.35
Colgate,"Colgate Optic White Advanced Hydrogen Peroxide Toothpaste, Teeth Whitening Toothpaste Pack, Enamel-Safe Formula, Helps Remove Tea, Coffee, and Wine Stains, Sparkling White, 3 Pack, 3.2 oz",4.7,45561,$12.95,70000,$1.35
Colgate,"Colgate Optic White Advanced Hydrogen Peroxide Toothpaste, Teeth Whitening Toothpaste Pack, Enamel-Safe Formula, Helps Remove Tea, Coffee, and Wine Stains, Sparkling White, 3 Pack, 3.2 oz",4.7,45561,$12.95,70000,$1.35
Colgate,"Colgate Optic White Renewal Teeth Whitening Toothpaste, Whitening Fluoride Toothpaste, Effectively Removes Tea, Coffee, and Wine Stains, Made with Hydrogen Peroxide, Brilliant Shine, 3 Pack, 3.0 oz",4.6,38717,$26.67,5000,$2.96
Colgate,"Colgate Optic White Renewal Teeth Whitening Toothpaste, Whitening Fluoride Toothpaste, Effectively Removes Tea, Coffee, and Wine Stains, Made with Hydrogen Peroxide, Brilliant Shine, 3 Pack, 3.0 oz",4.6,38717,$26.67,5000,$2.96
Colgate,"Colgate Optic White Renewal Teeth Whitening Toothpaste, Whitening Fluoride Toothpaste, Effectively Removes Tea, Coffee, and Wine Stains, Made with Hydrogen Peroxide, Brilliant Shine, 3 Pack, 3.0 oz",4.6,38717,$26.67,5000,$2.96
Colgate,"Colgate Optic White Renewal Teeth Whitening Toothpaste, Whitening Fluoride Toothpaste, Effectively Removes Tea, Coffee, and Wine Stains, Made with Hydrogen Peroxide, Brilliant Shine, 3 Pack, 3.0 oz",4.6,38717,$26.67,5000,$2.96
Colgate,"Colgate Peroxyl Antiseptic Mouthwash and Mouth Sore Rinse, 1.5% Hydrogen Peroxide, Mild Mint - 500ml, 16.9 Fluid Ounces",4.7,37416,$10.96,20000,$0.65
Colgate,"Colgate Peroxyl Antiseptic Mouthwash and Mouth Sore Rinse, 1.5% Hydrogen Peroxide, Mild Mint - 500ml, 16.9 Fluid Ounces",4.7,37416,$10.96,20000,$0.65
Colgate,"Colgate Sensitive Toothpaste, Complete Protection, Mint - 6 Ounce (Pack of 3)",4.7,30560,$13.44,10000,$0.75
Colgate,"Colgate Sensitive Toothpaste, Complete Protection, Mint - 6 Ounce (Pack of 3)",4.7,30560,$13.44,10000,$0.75
Colgate,"Colgate Total Plaque Pro Release Whitening Toothpaste, 2 Pack, 3.0 Oz Tubes",4.6,7236,$11.54,10000,$1.92
Colgate,"Colgate Total Whitening Toothpaste Gel, 10 Benefits, No Trade-Offs, Freshens Breath, Whitens Teeth and Provides Sensitivity Relief, Mint Flavor, 4 Pack, 5.1 Oz Tubes",4.8,7513,$15.31,10000,$0.75
Colgate,"Colgate Total Whitening Toothpaste Gel, 10 Benefits, No Trade-Offs, Freshens Breath, Whitens Teeth and Provides Sensitivity Relief, Mint Flavor, 4 Pack, 5.1 Oz Tubes",4.8,7513,$15.31,10000,$0.75
Colgate,"Colgate Total Whitening Toothpaste Gel, 10 Benefits, No Trade-Offs, Freshens Breath, Whitens Teeth and Provides Sensitivity Relief, Mint Flavor, 4 Pack, 5.1 Oz Tubes",4.8,7513,$15.31,10000,$0.75
Colgate,"Colgate Total Whitening Toothpaste with Fluoride, 10 Benefits Including Sensitivity Relief and Stain Removal, Mint, 5.1 ounces (4 Pack)",4.8,7513,$13.27,20000,$0.65
Colgate,"Colgate Total Whitening Toothpaste with Fluoride, 10 Benefits Including Sensitivity Relief and Stain Removal, Mint, 5.1 ounces (4 Pack)",4.8,7513,$13.27,20000,$0.65
Colgate,"Colgate Total Whitening Toothpaste with Fluoride, 10 Benefits Including Sensitivity Relief and Stain Removal, Mint, 5.1 ounces (4 Pack)",4.8,7513,$13.27,20000,$0.65
Colgate,"Colgate Total Whitening Toothpaste with Fluoride, 10 Benefits Including Sensitivity Relief and Stain Removal, Mint, 5.1 ounces (4 Pack)",4.8,7513,$13.27,20000,$0.65
Colgate,"Colgate Total Whitening Toothpaste with Fluoride, 10 Benefits Including Sensitivity Relief and Stain Removal, Mint, 5.1 ounces (4 Pack)",4.8,7513,$13.27,20000,$0.65
Colgate,"Colgate Total Whitening Toothpaste with Fluoride, 10 Benefits Including Sensitivity Relief and Stain Removal, Mint, 5.1 ounces (4 Pack)",4.8,7513,$13.27,20000,$0.65
Colgate,"Colgate Total Whitening Toothpaste with Fluoride, 10 Benefits Including Sensitivity Relief and Stain Removal, Mint, 5.1 ounces (4 Pack)",4.8,7513,$13.27,20000,$0.65
Colgate,"Colgate Total Whitening Toothpaste, Mint Toothpaste, 5.1 oz Tube, 2 Pack",4.8,7513,$7.32,10000,$0.72
Colgate,"Colgate Total Whitening Travel Toothpaste, Mint Toothpaste for Travel, Carry-On Size Toothpaste, 1.4 Oz Tube",4.8,7513,$1.97,6000,$1.41
Colgate,"Colgate Whitening Toothpaste for Sensitive Teeth, Enamel Repair and Cavity Protection, Fresh Mint Gel, 6 Oz (Pack of 3)",4.7,30560,$12.42,20000,$0.69
Colgate,"Colgate Whitening Toothpaste for Sensitive Teeth, Enamel Repair and Cavity Protection, Fresh Mint Gel, 6 Oz (Pack of 3)",4.7,30560,$12.42,20000,$0.69
Crest,"Crest + Scope Whitening Toothpaste - Pack of 3, 5.4 Oz Tubes - Anticavity Fluoride Toothpaste, Fresh Breath, Kills Germs - Tartar Protection, Enamel Protection - Minty Fresh Flavor",4.8,44216,$8.99,60000,$0.55
Crest,"Crest + Scope Whitening Toothpaste - Pack of 3, 5.4 Oz Tubes - Anticavity Fluoride Toothpaste, Fresh Breath, Kills Germs - Tartar Protection, Enamel Protection - Minty Fresh Flavor",4.8,44216,$8.99,60000,$0.55
Crest,"Crest + Scope Whitening Toothpaste - Pack of 3, 5.4 Oz Tubes - Anticavity Fluoride Toothpaste, Fresh Breath, Kills Germs - Tartar Protection, Enamel Protection - Minty Fresh Flavor",4.8,44216,$8.99,60000,$0.55
Crest,"Crest + Scope Whitening Toothpaste - Pack of 3, 5.4 Oz Tubes - Anticavity Fluoride Toothpaste, Fresh Breath, Kills Germs - Tartar Protection, Enamel Protection - Minty Fresh Flavor",4.8,44216,$8.99,60000,$0.55
Crest,"Crest + Scope Whitening Toothpaste - Pack of 3, 5.4 Oz Tubes - Anticavity Fluoride Toothpaste, Fresh Breath, Kills Germs - Tartar Protection, Enamel Protection - Minty Fresh Flavor",4.8,44216,$8.99,60000,$0.55
Crest,"Crest 3D White Advanced Luminous Mint Teeth Whitening Toothpaste, Crest Toothpaste, 3.7 oz Pack of 4 - Helps Remove Surface Stains, Whitens Teeth, Strengthens Tooth Enamel, Protects Against Cavities",4.8,93632,$14.99,100000,$1.01
Crest,"Crest 3D White Advanced Luminous Mint Teeth Whitening Toothpaste, Crest Toothpaste, 3.7 oz Pack of 4 - Helps Remove Surface Stains, Whitens Teeth, Strengthens Tooth Enamel, Protects Against Cavities",4.8,93632,$14.99,100000,$1.01
Crest,"Crest 3D White Advanced Luminous Mint Teeth Whitening Toothpaste, Crest Toothpaste, 3.7 oz Pack of 4 - Helps Remove Surface Stains, Whitens Teeth, Strengthens Tooth Enamel, Protects Against Cavities",4.8,93632,$14.99,100000,$1.01
Crest,"Crest 3D White Advanced Luminous Mint Teeth Whitening Toothpaste, Crest Toothpaste, 3.7 oz Pack of 4 - Helps Remove Surface Stains, Whitens Teeth, Strengthens Tooth Enamel, Protects Against Cavities",4.8,93632,$14.99,100000,$1.01
Crest,"Crest 3D White Advanced Luminous Mint Teeth Whitening Toothpaste, Crest Toothpaste, 3.7 oz Pack of 4 - Helps Remove Surface Stains, Whitens Teeth, Strengthens Tooth Enamel, Protects Against Cavities",4.8,93632,$14.99,100000,$1.01
Crest,"Crest 3D White Advanced Luminous Mint Teeth Whitening Toothpaste, Crest Toothpaste, 3.7 oz Pack of 4 - Helps Remove Surface Stains, Whitens Teeth, Strengthens Tooth Enamel, Protects Against Cavities",4.8,93632,$14.99,100000,$1.01
Crest,"Crest 3D White Advanced Luminous Mint Teeth Whitening Toothpaste, Crest Toothpaste, 3.7 oz Pack of 4 - Helps Remove Surface Stains, Whitens Teeth, Strengthens Tooth Enamel, Protects Against Cavities",4.8,93632,$14.99,100000,$1.01
Crest,"Crest 3D White Advanced Teeth Whitening Toothpaste, Crest 3D White Brilliance Toothpaste, Radiant Mint, 3.3 oz, Pack of 3",4.8,783,$12.97,10000,$1.31
Crest,"Crest 3D White Advanced Teeth Whitening Toothpaste, Crest 3D White Brilliance Toothpaste, Radiant Mint, 3.3 oz, Pack of 3",4.8,783,$12.97,10000,$1.31
Crest,"Crest 3D White Advanced Teeth Whitening Toothpaste, Crest 3D White Brilliance Toothpaste, Radiant Mint, 3.3 oz, Pack of 3",4.8,783,$12.97,10000,$1.31
Crest,"Crest 3D White Advanced Teeth Whitening Toothpaste, Crest 3D White Brilliance Toothpaste, Radiant Mint, 3.3 oz, Pack of 3",4.8,783,$12.97,10000,$1.31
Crest,"Crest 3D White Advanced Teeth Whitening Toothpaste, Crest 3D White Brilliance Toothpaste, Radiant Mint, 3.3 oz, Pack of 3",4.8,783,$12.97,10000,$1.31
Crest,"Crest 3D White Advanced Teeth Whitening Toothpaste, Radiant Mint, 3.3 oz, Pack of 2",4.6,719,$8.97,10000,$1.36
Crest,"Crest 3D White Advanced Teeth Whitening Toothpaste, Radiant Mint, 3.3 oz, Pack of 2",4.6,719,$8.97,10000,$1.36
Crest,"Crest 3D White Advanced Teeth Whitening Toothpaste, Radiant Mint, 3.3 oz, Pack of 2",4.6,719,$8.97,10000,$1.36
Crest,"Crest 3D White Advanced Teeth Whitening Toothpaste, Radiant Mint, 3.3 oz, Pack of 2",4.6,719,$8.97,10000,$1.36
Crest,"Crest 3D White Advanced Teeth Whitening Toothpaste, Radiant Mint, 3.3 oz, Pack of 2",4.6,719,$8.97,10000,$1.36
Crest,"Crest 3D White Brilliance Bright Mint Teeth Whitening Toothpaste, 4.3 oz Pack of 3, 100% More Surface Stain Removal, 24 Hour Active Stain Prevention, Whiter Teeth in 3 Days",4.6,85,$20.99,3000,$1.63
Crest,"Crest 3D White Brilliance Vibrant Peppermint Teeth Whitening Toothpaste, 4.6 oz Pack of 3, Anticavity Fluoride Toothpaste, 100% More Surface Stain Removal, 24 Hour Active Stain Prevention",4.8,1529,$18.97,20000,$1.37
Crest,"Crest 3D White Brilliance Vibrant Peppermint Teeth Whitening Toothpaste, 4.6 oz Pack of 3, Anticavity Fluoride Toothpaste, 100% More Surface Stain Removal, 24 Hour Active Stain Prevention",4.8,1529,$18.97,20000,$1.37
Crest,"Crest 3D White Brilliance Vibrant Peppermint Teeth Whitening Toothpaste, 4.6 oz Pack of 3, Anticavity Fluoride Toothpaste, 100% More Surface Stain Removal, 24 Hour Active Stain Prevention",4.8,1529,$18.97,20000,$1.37
Crest,"Crest 3D White Brilliance Vibrant Peppermint Teeth Whitening Toothpaste, 4.6 oz Pack of 3, Anticavity Fluoride Toothpaste, 100% More Surface Stain Removal, 24 Hour Active Stain Prevention",4.8,1529,$18.97,20000,$1.37
Crest,"Crest 3D White Brilliance Vibrant Peppermint Teeth Whitening Toothpaste, 4.6 oz Pack of 3, Anticavity Fluoride Toothpaste, 100% More Surface Stain Removal, 24 Hour Active Stain Prevention",4.8,1529,$18.97,20000,$1.37
Crest,"Crest 3D White Brilliance Vibrant Peppermint Teeth Whitening Toothpaste, 4.6 oz Pack of 3, Anticavity Fluoride Toothpaste, 100% More Surface Stain Removal, 24 Hour Active Stain Prevention",4.8,1529,$18.97,20000,$1.37
Crest,"Crest Base Pro-Health Whitening Toothpaste (4.3oz) Triple Pack, Crest Toothpaste Whitening, Teeth Whitening Toothpaste",4.8,3156,$8.97,9000,$0.70
Crest,"Crest Cavity & Tartar Protection Toothpaste, Whitening Baking Soda & Peroxide, 5.7 oz, Pack of 2",4.3,711,$6.29,6000,$0.55
Crest,"Crest Kids Advanced Fluoride Toothpaste, Bubblegum Flavor, 4.2 oz, 3 Count, Color-Changing Anticavity Toothpaste, Crest Kids Toothpaste, Kids Toothpaste with Fluoride",4.7,1528,$11.91,10000,$2.84
Crest,"Crest Pro-Health Advanced Antibacterial Protection Toothpaste, Crest Toothpaste, Crest Pro Health Toothpaste - Pack of 4, 5 Oz Tubes",4.7,9047,$14.91,10000,$0.75
Crest,"Crest Pro-Health Advanced Antibacterial Protection Toothpaste, Crest Toothpaste, Crest Pro Health Toothpaste - Pack of 4, 5 Oz Tubes",4.7,9047,$14.91,10000,$0.75
Crest,"Crest Pro-Health Advanced Antibacterial Protection Toothpaste, Crest Toothpaste, Crest Pro Health Toothpaste - Pack of 4, 5 Oz Tubes",4.7,9047,$14.91,10000,$0.75
Crest,"Crest Pro-Health Advanced Antibacterial Protection Toothpaste, Crest Toothpaste, Crest Pro Health Toothpaste - Pack of 4, 5 Oz Tubes",4.7,9047,$14.91,10000,$0.75
Crest,"Crest Pro-Health Advanced Antibacterial Protection Toothpaste, Crest Toothpaste, Crest Pro Health Toothpaste - Pack of 4, 5 Oz Tubes",4.7,9047,$14.91,10000,$0.75
Crest,Crest Pro-Health Clean Mint Toothpaste (4.3oz) Triple Pack,4.7,32238,$8.97,20000,$0.70
Crest,Crest Pro-Health Clean Mint Toothpaste (4.3oz) Triple Pack,4.7,32238,$8.97,20000,$0.70
Crest,Crest Pro-Health Clean Mint Toothpaste (4.3oz) Triple Pack,4.7,32238,$8.97,20000,$0.70
Crest,Crest Pro-Health Clean Mint Toothpaste (4.3oz) Triple Pack,4.7,32238,$8.97,20000,$0.70
Crest,Crest Pro-Health Clean Mint Toothpaste (4.3oz) Triple Pack,4.7,32238,$8.97,20000,$0.70
Crest,Crest Pro-Health Clean Mint Toothpaste (4.3oz) Twin Pack,4.8,896,$6.99,4000,$0.81
Crest,Crest Pro-Health Clean Mint Toothpaste (4.3oz) Twin Pack,4.8,896,$6.99,4000,$0.81
Crest,"Crest Pro-Health Gum Detoxify Deep Clean Toothpaste 2.6 oz - Anticavity, Antibacterial Flouride Toothpaste, Clinically Proven, Gum and Enamel Protection, Plaque Control",4.6,492,$5.00,7000,$1.92
Crest,"Crest Pro-Health Gum Detoxify Deep Clean Toothpaste 2.6 oz - Anticavity, Antibacterial Flouride Toothpaste, Clinically Proven, Gum and Enamel Protection, Plaque Control",4.6,492,$5.00,7000,$1.92
Crest,"Crest Pro-Health Gum Detoxify Deep Clean Toothpaste, 4.8 oz Pack of 3 - Anticavity, Antibacterial Flouride Toothpaste, Clinically Proven, Gum and Enamel Protection, Plaque Control",4.8,2137,$18.97,20000,$1.32
Crest,"Crest Whitening Plus Scope, Complete Active Fresh + Whitening Toothpaste, 5.5oz, Toothpaste Sensitive Teeth, Pack of 4",4.7,4692,$10.99,20000,$2.75
Crest,"Crest Whitening Plus Scope, Complete Active Fresh + Whitening Toothpaste, 5.5oz, Toothpaste Sensitive Teeth, Pack of 4",4.7,4692,$10.99,20000,$2.75
Crest,"Crest Whitening Plus Scope, Complete Active Fresh + Whitening Toothpaste, 5.5oz, Toothpaste Sensitive Teeth, Pack of 4",4.7,4692,$10.99,20000,$2.75
Crest,"Crest Whitening Plus Scope, Complete Active Fresh + Whitening Toothpaste, 5.5oz, Toothpaste Sensitive Teeth, Pack of 4",4.7,4692,$10.99,20000,$2.75
Crest,"Crest Whitening Plus Scope, Complete Active Fresh + Whitening Toothpaste, 5.5oz, Toothpaste Sensitive Teeth, Pack of 4",4.7,4692,$10.99,20000,$2.75
Dr. Sheffield,"Dr. Sheffieldâ€™s Certified Natural Toothpaste (Extra-Whitening) - Great Tasting, Fluoride Free Toothpaste/Freshen Your Breath, Whiten Your Teeth, Reduce Plaque (2-Pack)",4.4,13227,$12.99,4000,$1.30
Dr. Sheffield,"Dr. Sheffieldâ€™s Certified Natural Toothpaste (Extra-Whitening) - Great Tasting, Fluoride Free Toothpaste/Freshen Your Breath, Whiten Your Teeth, Reduce Plaque (2-Pack)",4.4,13227,$12.99,4000,$1.30
Dr. Sheffield,"Dr. Sheffieldâ€™s Certified Natural Toothpaste (Extra-Whitening) - Great Tasting, Fluoride Free Toothpaste/Freshen Your Breath, Whiten Your Teeth, Reduce Plaque (2-Pack)",4.4,13227,$12.99,4000,$1.30
Hello,"Hello Antiplaque Toothpaste, Fluoride Free for Teeth Whitening with Natural Peppermint Flavor and Tea Tree Oil, Peroxide Free, Gluten Free, SLS Free, 3 Pack, 4.7 OZ Tubes",4.8,6730,$14.91,30000,$1.06
Hello,"Hello Antiplaque Toothpaste, Fluoride Free for Teeth Whitening with Natural Peppermint Flavor and Tea Tree Oil, Peroxide Free, Gluten Free, SLS Free, 3 Pack, 4.7 OZ Tubes",4.8,6730,$14.91,30000,$1.06
Hello,"Hello Antiplaque Toothpaste, Fluoride Free for Teeth Whitening with Natural Peppermint Flavor and Tea Tree Oil, Peroxide Free, Gluten Free, SLS Free, 3 Pack, 4.7 OZ Tubes",4.8,6730,$14.91,30000,$1.06
Hello,"Hello Antiplaque Toothpaste, Fluoride Free for Teeth Whitening with Natural Peppermint Flavor and Tea Tree Oil, Peroxide Free, Gluten Free, SLS Free, 3 Pack, 4.7 OZ Tubes",4.8,6730,$14.91,30000,$1.06
Lumineux,"Lumineux Teeth Whitening Toothpaste 2 Pack Peroxide Free Enamel Safe for Sensitive Whiter Teeth Certified Non-Toxic, Fluoride Free, No Alcohol, Artificial Colors, SLS Free Dentist Formulated - 3.75 Oz",4.2,6917,$13.96,40000,$1.86
Marvis,Marvis Whitening Mint Toothpaste,4.5,8937,$13.50,30000,$3.55
Marvis,Marvis Whitening Mint Toothpaste,4.5,8937,$13.50,30000,$3.55
Marvis,Marvis Whitening Mint Toothpaste,4.5,8937,$13.50,30000,$3.55
PerioSciences,PerioSciences AO ProRinse Sensitive Gums Mouthwash with Antioxidants â€“ Oral Rinse for Gum Health â€“ 10 fl oz / 300ml,4.5,406,$18.50,200,$1.85
PerioSciences,PerioSciences AO ProRinse Sensitive Gums Mouthwash with Antioxidants â€“ Oral Rinse for Gum Health â€“ 10 fl oz / 300ml,4.5,406,$18.50,200,$1.85
SEAGO,"SEAGO Kids Electric Toothbrush with 2 Mins Brushing Timer and 4 Replacement Bursh Heads,Rainbow LED Light Make Brushing Fun, Purple Color Girls Battery Powerd Toothbrush for 4-7 Years Old",4.5,2510,$16.99,1000,$16.99
SEAGO,"SEAGO Kids Electric Toothbrush with 2 Mins Brushing Timer and 4 Replacement Bursh Heads,Rainbow LED Light Make Brushing Fun, Purple Color Girls Battery Powerd Toothbrush for 4-7 Years Old",4.5,2510,$16.99,1000,$16.99
SEAGO,"SEAGO Kids Electric Toothbrush with 2 Mins Brushing Timer and 4 Replacement Bursh Heads,Rainbow LED Light Make Brushing Fun, Purple Color Girls Battery Powerd Toothbrush for 4-7 Years Old",4.5,2510,$16.99,1000,$16.99
SEAGO,"SEAGO Kids Electric Toothbrush with 2 Mins Brushing Timer and 4 Replacement Bursh Heads,Rainbow LED Light Make Brushing Fun, Purple Color Girls Battery Powerd Toothbrush for 4-7 Years Old",4.5,2510,$16.99,1000,$16.99
SEAGO,"SEAGO Kids Electric Toothbrush with 2 Mins Brushing Timer and 4 Replacement Bursh Heads,Rainbow LED Light Make Brushing Fun, Purple Color Girls Battery Powerd Toothbrush for 4-7 Years Old",4.5,2510,$16.99,1000,$16.99
Sensodyne,"Sensodyne Clinical White Toothpaste Clinically Proven Whitening for Sensitive Teeth, Stain Protector, 3.4 Oz (Pack of 3)",4.6,1704,$26.91,20000,$2.64
Sensodyne,"Sensodyne Clinical White Toothpaste Clinically Proven Whitening for Sensitive Teeth, Stain Protector, 3.4 Oz (Pack of 3)",4.6,1704,$26.91,20000,$2.64
Sensodyne,"Sensodyne Extra Whitening Sensitive Teeth and Cavity Prevention Whitening Toothpaste, Amazon Exclusive, Cool Mint -4 Ounces (Pack of 3)",4.8,6827,$18.72,70000,$1.56
Sensodyne,"Sensodyne Extra Whitening Sensitive Teeth and Cavity Prevention Whitening Toothpaste, Amazon Exclusive, Cool Mint -4 Ounces (Pack of 3)",4.8,6827,$18.72,70000,$1.56
Sensodyne,"Sensodyne Extra Whitening Sensitive Teeth and Cavity Prevention Whitening Toothpaste, Amazon Exclusive, Cool Mint -4 Ounces (Pack of 3)",4.8,6827,$18.72,70000,$1.56
Sensodyne,"Sensodyne Extra Whitening Sensitive Teeth and Cavity Prevention Whitening Toothpaste, Amazon Exclusive, Cool Mint -4 Ounces (Pack of 3)",4.8,6827,$18.72,70000,$1.56
Sensodyne,"Sensodyne Extra Whitening Sensitive Teeth and Cavity Prevention Whitening Toothpaste, Amazon Exclusive, Cool Mint -4 Ounces (Pack of 3)",4.8,6827,$18.72,70000,$1.56
Sensodyne,"Sensodyne Pronamel Fresh Breath Enamel Toothpaste for Sensitive Teeth and Cavity Protection, Fresh Wave - 4 oz (4 Pack)",4.8,6641,$24.33,10000,$1.52
Sensodyne,"Sensodyne Pronamel Fresh Breath Enamel Toothpaste for Sensitive Teeth and Cavity Protection, Fresh Wave - 4 oz (4 Pack)",4.8,6641,$24.33,10000,$1.52
Sensodyne,"Sensodyne Pronamel Fresh Breath Enamel Toothpaste for Sensitive Teeth and Cavity Protection, Fresh Wave - 4 oz (4 Pack)",4.8,6641,$24.33,10000,$1.52
Sensodyne,"Sensodyne Pronamel Fresh Breath Enamel Toothpaste for Sensitive Teeth and Cavity Protection, Fresh Wave - 4 oz (4 Pack)",4.8,6641,$24.33,10000,$1.52
Sensodyne,"Sensodyne Pronamel Gentle Teeth Whitening Enamel Toothpaste for Sensitive Teeth, to Reharden and Strengthen Enamel, Amazon Exclusive, Fresh Mint - 4 Ounces (Pack of 3)",4.8,7321,$17.47,100000,$1.46
Sensodyne,"Sensodyne Pronamel Gentle Teeth Whitening Enamel Toothpaste for Sensitive Teeth, to Reharden and Strengthen Enamel, Amazon Exclusive, Fresh Mint - 4 Ounces (Pack of 3)",4.8,7321,$17.47,100000,$1.46
Sensodyne,"Sensodyne Pronamel Gentle Teeth Whitening Enamel Toothpaste for Sensitive Teeth, to Reharden and Strengthen Enamel, Amazon Exclusive, Fresh Mint - 4 Ounces (Pack of 3)",4.8,7321,$17.47,100000,$1.46
Sensodyne,"Sensodyne Pronamel Gentle Teeth Whitening Enamel Toothpaste for Sensitive Teeth, to Reharden and Strengthen Enamel, Amazon Exclusive, Fresh Mint - 4 Ounces (Pack of 3)",4.8,7321,$17.47,100000,$1.46
Sensodyne,"Sensodyne Pronamel Gentle Teeth Whitening Enamel Toothpaste for Sensitive Teeth, to Reharden and Strengthen Enamel, Amazon Exclusive, Fresh Mint - 4 Ounces (Pack of 3)",4.8,7321,$17.47,100000,$1.46
Sensodyne,"Sensodyne Pronamel Intensive Enamel Repair Toothpaste for Sensitive Teeth and Cavity Protection, Whitening Toothpaste to Strengthen Enamel, Arctic Breeze - 3.4 Ounces (Pack of 4)",4.8,6851,$20.99,20000,$1.54
Sensodyne,"Sensodyne Pronamel Intensive Enamel Repair Toothpaste for Sensitive Teeth and Cavity Protection, Whitening Toothpaste to Strengthen Enamel, Arctic Breeze - 3.4 Ounces (Pack of 4)",4.8,6851,$20.99,20000,$1.54
Sensodyne,"Sensodyne Pronamel Intensive Enamel Repair Toothpaste for Sensitive Teeth and Cavity Protection, Whitening Toothpaste to Strengthen Enamel, Arctic Breeze - 3.4 Ounces (Pack of 4)",4.8,6851,$20.99,20000,$1.54
Sensodyne,"Sensodyne Pronamel Intensive Enamel Repair Toothpaste for Sensitive Teeth, to Reharden and Strengthen Enamel, Extra Fresh - 3.4 Ounces",4.7,50046,$6.98,30000,$2.05
Sensodyne,"Sensodyne Pronamel Intensive Enamel Repair Toothpaste for Sensitive Teeth, to Reharden and Strengthen Enamel, Extra Fresh - 3.4 Ounces (Pack of 3)",4.7,50046,$18.72,3000,$1.84
Sensodyne,"Sensodyne Pronamel Intensive Enamel Repair Toothpaste for Sensitive Teeth, to Reharden and Strengthen Enamel, Extra Fresh - 3.4 Ounces (Pack of 3)",4.7,50046,$18.72,3000,$1.84
Sensodyne,"Sensodyne Pronamel Intensive Enamel Repair Toothpaste for Sensitive Teeth, to Reharden and Strengthen Enamel, Extra Fresh - 3.4 Ounces (Pack of 3)",4.7,50046,$18.72,3000,$1.84
Sensodyne,"Sensodyne Pronamel Intensive Enamel Repair Toothpaste for Sensitive Teeth, to Reharden and Strengthen Enamel, Extra Fresh - 3.4 Ounces (Pack of 3)",4.7,50046,$18.72,3000,$1.84
Sensodyne,"Sensodyne Repair and Protect Whitening Toothpaste, Toothpaste for Sensitive Teeth and Cavity Prevention, 3.4 oz (Pack of 2)",4.7,45288,$12.48,20000,$1.84
Sensodyne,"Sensodyne Repair and Protect Whitening Toothpaste, Toothpaste for Sensitive Teeth and Cavity Prevention, 3.4 oz (Pack of 2)",4.7,45288,$12.48,20000,$1.84
Sensodyne,"Sensodyne Repair and Protect Whitening Toothpaste, Toothpaste for Sensitive Teeth and Cavity Prevention, 3.4 oz (Pack of 2)",4.7,45288,$12.48,20000,$1.84
Sensodyne,"Sensodyne Repair and Protect Whitening Toothpaste, Toothpaste for Sensitive Teeth and Cavity Prevention, 3.4 oz (Pack of 2)",4.7,45288,$12.48,20000,$1.84
Sensodyne,"Sensodyne Repair and Protect Whitening Toothpaste, Toothpaste for Sensitive Teeth and Cavity Prevention, 3.4 oz (Pack of 2)",4.7,45288,$12.48,20000,$1.84
Sensodyne,"Sensodyne Repair and Protect Whitening Toothpaste, Toothpaste for Sensitive Teeth and Cavity Prevention, 3.4 oz (Pack of 4)",4.7,5418,$20.99,20000,$1.54
Sensodyne,"Sensodyne Repair and Protect Whitening Toothpaste, Toothpaste for Sensitive Teeth and Cavity Prevention, 3.4 oz (Pack of 4)",4.7,5418,$20.99,20000,$1.54
Sensodyne,"Sensodyne Repair and Protect Whitening Toothpaste, Toothpaste for Sensitive Teeth and Cavity Prevention, 3.4 oz (Pack of 4)",4.7,5418,$20.99,20000,$1.54
Sensodyne,"Sensodyne Repair and Protect Whitening Toothpaste, Toothpaste for Sensitive Teeth and Cavity Prevention, 3.4 oz (Pack of 4)",4.7,5418,$20.99,20000,$1.54
Sensodyne,"Sensodyne Repair and Protect Whitening Toothpaste, Toothpaste for Sensitive Teeth and Cavity Prevention, 3.4 oz (Pack of 4)",4.7,5418,$20.99,20000,$1.54
Tom's,"Tom's of Maine Fluoride-Free Antiplaque & Whitening Natural Toothpaste, Peppermint, 5.5 oz. (Pack of 2)",4.7,39537,$12.17,50000,$1.11
Tom's,"Tom's of Maine Fluoride-Free Antiplaque & Whitening Natural Toothpaste, Peppermint, 5.5 oz. (Pack of 2)",4.7,39537,$12.17,50000,$1.11
Tom's,"Tom's of Maine Fluoride-Free Antiplaque & Whitening Natural Toothpaste, Peppermint, 5.5 oz. (Pack of 2)",4.7,39537,$12.17,50000,$1.11
Tom's,"Tom's of Maine Fluoride-Free Antiplaque & Whitening Natural Toothpaste, Peppermint, 5.5 oz. (Pack of 2)",4.7,39537,$12.17,50000,$1.11
Tom's,"Tom's of Maine Fluoride-Free Antiplaque & Whitening Natural Toothpaste, Peppermint, 5.5 oz. (Pack of 2)",4.7,39537,$12.17,50000,$1.11
Tom's,"Tom's of Maine Fluoride-Free Antiplaque & Whitening Natural Toothpaste, Peppermint, 5.5 oz. (Pack of 2)",4.7,39537,$12.17,50000,$1.11
Tom's,"Tom's of Maine Fluoride-Free Antiplaque & Whitening Natural Toothpaste, Peppermint, 5.5 oz. (Pack of 2)",4.7,39537,$12.17,50000,$1.11
Tom's,"Tom's of Maine Fluoride-Free Rapid Relief Sensitive Toothpaste, Fresh Mint, 4 oz. 3-Pack (Packaging May Vary)",4.7,7584,$17.85,8000,$1.49
Tom's,"Tom's of Maine Fluoride-Free Rapid Relief Sensitive Toothpaste, Fresh Mint, 4 oz. 3-Pack (Packaging May Vary)",4.7,7584,$17.85,8000,$1.49
Tom's,"Tom's of Maine Fluoride-Free Rapid Relief Sensitive Toothpaste, Fresh Mint, 4 oz. 3-Pack (Packaging May Vary)",4.7,7584,$17.85,8000,$1.49
Tom's,"Tom's of Maine Whole Care Natural Toothpaste with Fluoride, Spearmint, 4 Ounce (Pack of 3), (Packaging May Vary)",4.7,11455,$18.39,8000,$1.53
Tom's,"Tom's of Maine Whole Care Natural Toothpaste with Fluoride, Spearmint, 4 Ounce (Pack of 3), (Packaging May Vary)",4.7,11455,$18.39,8000,$1.53
Tom's,"Tom's of Maine Whole Care Natural Toothpaste with Fluoride, Spearmint, 4 Ounce (Pack of 3), (Packaging May Vary)",4.7,11455,$18.39,8000,$1.53
Tom's,"Tom's of Maine Whole Care Natural Toothpaste with Fluoride, Spearmint, 4 Ounce (Pack of 3), (Packaging May Vary)",4.7,11455,$18.39,8000,$1.53
Tom's,"Tom's of Maine Whole Care Natural Toothpaste with Fluoride, Spearmint, 4 Ounce (Pack of 3), (Packaging May Vary)",4.7,11455,$18.39,8000,$1.53
Tom's,"Tom's of Maine Whole Care Natural Toothpaste with Fluoride, Spearmint, 4 Ounce (Pack of 3), (Packaging May Vary)",4.7,11455,$18.39,8000,$1.53
Whole Foods Market,"365 by Whole Foods Market, Fluoride-Free Tartar Control and Whitening Toothpaste, 5.5 Ounce",4.3,697,$5.99,900,$1.09
Whole Foods Market,"365 by Whole Foods Market, Fluoride-Free Tartar Control and Whitening Toothpaste, 5.5 Ounce",4.3,697,$5.99,900,$1.09
Whole Foods Market,"365 by Whole Foods Market, Sensitive Toothpaste with Hemp Seed Oil, 5.5 OZ",4.1,170,$5.99,200,$1.09
Whole Foods Market,"365 by Whole Foods Market, Sensitive Toothpaste with Hemp Seed Oil, 5.5 OZ",4.1,170,$5.99,200,$1.09
